SET check_function_bodies = false;
INSERT INTO public.account (id, email, "fullName", password, "avatarUrl", role, birthday, gender, "hashedToken", alias, status, "createdAt", "updatedAt", "createdBy", "updatedBy") VALUES ('44bfcc07-a81a-45da-aa65-9197a3300f62', 'moderator@gmail.com', 'moderator', '$2a$10$YmasfIkbgx.04zamgALAMeXeL9ttwLrcqWS0QV2Iz7o.DjTYmqu.6', NULL, 'moderator', NULL, NULL, 'JDJhJDEwJDhhRlNDWXFqb1BtczYxLkNmUWc2WGVMN3JXYnFOcTY5OWxETzU0a1JSaDVNbXBuajJvTEVL', NULL, 'active', '2022-05-15 04:04:14.895822+00', '2022-05-15 04:04:14.895822+00', NULL, NULL);
INSERT INTO public.account (id, email, "fullName", password, "avatarUrl", role, birthday, gender, "hashedToken", alias, status, "createdAt", "updatedAt", "createdBy", "updatedBy") VALUES ('de10facf-22f2-4273-a038-9472b807a512', 'admin@gmail.com', 'admin', '$2a$10$KEBU3xAB0L6WnU.JTHEdv.i0anNhIxl23mVVbVpspa1zITjXRyYZ6', NULL, 'admin', NULL, NULL, 'JDJhJDEwJGFYbXJheFNPc0N6VTVKSjZqU014ZWUuUkl3cnIvei84R2haeElzS1B5dldrblVNcVJXcklH', NULL, 'active', '2022-05-15 04:04:44.722676+00', '2022-05-15 04:04:44.722676+00', NULL, NULL);
INSERT INTO public.account (id, email, "fullName", password, "avatarUrl", role, birthday, gender, "hashedToken", alias, status, "createdAt", "updatedAt", "createdBy", "updatedBy") VALUES ('545fbcb9-4437-4406-9248-e7f1efda55b9', 'user@gmail.com', 'user', '$2a$10$AAtrp4vGFYuVdexfkkju4eVGGx9a1GJ60BzVaL4Ne4p1EyEo4muRu', NULL, 'user', NULL, NULL, 'JDJhJDEwJEs1dWZGc0ZuODdpMlowb2J5Q2dOSnUzODhNa3JMRjdLRkZ6dGVNUEJucy9aRjRLWS55L1hX', NULL, 'active', '2022-05-15 04:04:54.317117+00', '2022-05-15 04:04:54.317117+00', NULL, NULL);

INSERT INTO public.account (id, email, "fullName", password, "avatarUrl", role, birthday, gender, "hashedToken", alias, status, "createdAt", "updatedAt", "createdBy", "updatedBy") VALUES ('b40c81cf-d0ed-482f-b616-a9e4b252fc33', 'ptmien@gmail.com', 'Phạm Thị Miên', '$2a$10$qNJpcQobbkE3NWONx4FKl.Zw9a6AiYPXdLPLL/3wRKNSA.ztQTwpy', 'https://firebasestorage.googleapis.com/v0/b/codingwar-d6329.appspot.com/o/Avatar%2Fb40c81cf-ptmien%40gmail.com?alt=media&token=24939c3f-e614-4fef-a271-ce72111e2651', 'moderator', NULL, NULL, 'JDJhJDEwJGI5VWE0ckFaZTFQNncyMkoveUJwNnVLa0EwZlhVdWQzSHY3OEE1UFVzTWZKWnE3WWN2VmxX', NULL, 'active', '2022-05-23 02:59:52.272739+00', '2022-05-23 03:04:39.911174+00', NULL, 'b40c81cf-d0ed-482f-b616-a9e4b252fc33');
INSERT INTO public.account (id, email, "fullName", password, "avatarUrl", role, birthday, gender, "hashedToken", alias, status, "createdAt", "updatedAt", "createdBy", "updatedBy") VALUES ('b886c67e-f5cf-4246-942f-97d795af3082', 'ttdung@gmail.com', 'Trần Thị Dung', '$2a$10$goIQUTRWbuCHkhg2mVWOzeJ.wY28HUQ4gdk8pPDopyeaSNH4wWLnG', 'https://firebasestorage.googleapis.com/v0/b/codingwar-d6329.appspot.com/o/Avatar%2Fb886c67e-ttdung%40gmail.com?alt=media&token=808fecba-8993-457d-b32e-b001dc151d6b', 'moderator', NULL, NULL, 'JDJhJDEwJFJERG5zclZDVXouM2p3ekdndVVlN2VZaDZjc1B5bEhDUmtDVFN1TzIwemcveEg5ZG5GMWhl', NULL, 'active', '2022-05-23 03:00:04.975717+00', '2022-05-23 03:05:15.605096+00', NULL, 'b886c67e-f5cf-4246-942f-97d795af3082');
INSERT INTO public.account (id, email, "fullName", password, "avatarUrl", role, birthday, gender, "hashedToken", alias, status, "createdAt", "updatedAt", "createdBy", "updatedBy") VALUES ('aa89ede9-26f1-4660-9aba-75b21f53e6c4', 'nlminh@gmail.com', 'Nguyễn Lê Minh', '$2a$10$3c4..uX1GUzCv6mDjQD7M.SUK9oQSWVv9.QdbIwvrjm1ctKuhd/GK', 'https://firebasestorage.googleapis.com/v0/b/codingwar-d6329.appspot.com/o/Avatar%2Faa89ede9-nlminh%40gmail.com?alt=media&token=efc7989a-9d0e-484b-97a7-adb143408f74', 'moderator', NULL, NULL, 'JDJhJDEwJFJtUkszb2M1STl1ajBEL1NQRGpGVS5YZHVXakJ0ejg2OTMwRzhNa3VXOVFyUUxWSzEzSVMy', NULL, 'active', '2022-05-23 03:00:39.085915+00', '2022-05-23 03:05:35.439977+00', NULL, 'aa89ede9-26f1-4660-9aba-75b21f53e6c4');
INSERT INTO public.account (id, email, "fullName", password, "avatarUrl", role, birthday, gender, "hashedToken", alias, status, "createdAt", "updatedAt", "createdBy", "updatedBy") VALUES ('b955cf7a-4dcb-464b-8f56-6021cf021cde', 'tpnha@gmail.com', 'Trần Phong Nhã', '$2a$10$Fv79IlzIRvLQoRG5q1fGNecEafT4PKE5qA4ECVpGP6WvWKgqBE3XG', 'https://firebasestorage.googleapis.com/v0/b/codingwar-d6329.appspot.com/o/Avatar%2Fb955cf7a-tpnha%40gmail.com?alt=media&token=0371b16e-e5c6-4e92-8597-6b53a20c8a56', 'moderator', NULL, NULL, 'JDJhJDEwJC5wRWZ6MHJSeHFrMks2SVU2SmZvSk9kLlVDeDdTRXBSMm9FRU43NmgzRUlZMG51Ly42RG9D', NULL, 'active', '2022-05-23 03:00:18.921715+00', '2022-05-23 03:05:50.499649+00', NULL, 'b955cf7a-4dcb-464b-8f56-6021cf021cde');


INSERT INTO public.exercises (id, name, des, level, image, metadata, topic, status, "createdAt", "createdBy", "updatedAt", "updatedBy") VALUES ('86d8b40f-49ab-489d-94d2-fed37f94b66f', 'Làm quen với C++', 'In ra màn hình câu "Hello World"', 1, NULL, '[{"time": 1000, "input": null, "point": 10, "output": "hello world"}]', '["C++"]', 'active', '2022-04-25 14:12:57.872723+00', 'b886c67e-f5cf-4246-942f-97d795af3082', '2022-04-25 14:12:57.872723+00', NULL);
INSERT INTO public.exercises (id, name, des, level, image, metadata, topic, status, "createdAt", "createdBy", "updatedAt", "updatedBy") VALUES ('8639eb5e-4286-4a03-80a8-3a96ae6d0473', 'Phép cộng', 'Bạn hãy viết chương trình tạo ra 2 biến `a` và `b` kiểu số nguyên. Sau đó nhập giá trị cho `a` và `b` từ bàn phím và hiển thị ra màn hình:
```
a + b = {P}
```
Với `{P}` là tổng của `a` và `b`.
Ví dụ nếu bạn nhập
```
7 9
```
thì màn hình sẽ hiển thị ra:
```
a + b = 16
```
#### Lý thuyết
Nhập dữ liệu cho biến kiểu `int` cũng giống như nhập dữ liệu cho biến kiểu `string`. Ví dụ về chương trình nhập từ bàn phím 2 số nguyên và hiển thị ra hiệu của chúng:
```
#include<iostream>
using namespace std;
int main() {
	int a, b;
	cin >> a >> b;
	cout << "a - b = " << a - b;
	return 0;
}
```
Nếu bạn nhập
```
5 8
```
Và bấm phím Enter thì chương trình này sẽ hiển thị lên màn hình:
```
a - b = -3
```
Lưu ý: nếu bạn nhập giá trị không hợp lệ cho các biến kiểu số thì giá trị nhận được sẽ là `0`. Ví dụ nếu bạn nhập giá trị cho biến `a` kiểu `int` là `"abc"`, `"xyz"`, ... thì `a` sẽ nhận giá trị 0.
Đọc tới đây bạn đã có thể quay lại phần bài tập và làm thử.
### Hướng dẫn
Code mẫu:
```
#include<iostream>
using namespace std;
int main() {
	int a, b;
	cin >> a >> b;
	cout << "a + b = " << a + b;
	return 0;
}
```', 1, NULL, '[{"time": 1000, "input": "5 5", "point": 5, "output": "10"}, {"time": 1500, "input": "8 7", "point": 5, "output": "15"}]', '["C++"]', 'active', '2022-05-02 10:33:48.845567+00', 'b886c67e-f5cf-4246-942f-97d795af3082', '2022-05-02 10:33:48.845567+00', NULL);
INSERT INTO public.exercises (id, name, des, level, image, metadata, topic, status, "createdAt", "createdBy", "updatedAt", "updatedBy") VALUES ('c260acdf-5436-47e0-8dcc-c2f1767ff82d', 'Odd Divisor Count', 'Bạn được cho 2 số nguyên `A,B.` Bạn hãy đếm số lượng số trong `[A,B]` sao cho số đó có số lượng lẻ ước nguyên dương.
Ví dụ:
-   Với `A = 4, B = 4` thì ta có đáp án là 1 số thỏa điều kiện.
-   Giải thích: 4 có 3 ước là `1,2,4` nên thỏa điều kiện để bài.
[Đầu vào/ Đầu ra]:
-   [Giới hạn thời gian]: 0.5s với C++, 3s với Java & C#, 4s với Python,Go,Js.
-   [Đầu vào]: Số tự nhiên a `(1 ≤ a ≤ 1000).`
-   [Đầu vào]: Số tự nhiên b `(a ≤ b ≤ 1000).`
-   [Đầu ra]: Số lượng số trong [a,b] sao cho số đó có số lượng lẻ ước nguyên dương.', 2, NULL, '[{"time": 1000, "input": "4 4", "point": 2, "output": "1"}, {"time": 1500, "input": "1 10", "point": 2, "output": "3"}, {"time": 2000, "input": "5 15", "point": 2, "output": "1"}, {"time": 2500, "input": "50 120", "point": 2, "output": "3"}, {"time": 3000, "input": "45 130", "point": 2, "output": "5"}]', '["C++"]', 'active', '2022-04-25 14:33:30.481496+00', 'b40c81cf-d0ed-482f-b616-a9e4b252fc33', '2022-04-25 14:33:30.481496+00', NULL);

INSERT INTO public.discusses (id, floor, title, content, status, "createdAt", "createdBy", "updatedAt", "updatedBy", "accountId", "exerciseId") VALUES ('51882cbf-f13c-41c4-9769-0e65f52d4a94', NULL, NULL, 'How to do this', 'active', '2022-05-15 14:26:25.422707', NULL, '2022-05-15 14:26:25.422707+00', NULL, '545fbcb9-4437-4406-9248-e7f1efda55b9', '8639eb5e-4286-4a03-80a8-3a96ae6d0473');
INSERT INTO public.discusses (id, floor, title, content, status, "createdAt", "createdBy", "updatedAt", "updatedBy", "accountId", "exerciseId") VALUES ('cd1ad0a5-a54c-45c7-98fd-2cfa2356140b', NULL, NULL, 'Why', 'active', '2022-05-15 14:26:39.698707', NULL, '2022-05-15 14:26:39.698707+00', NULL, '545fbcb9-4437-4406-9248-e7f1efda55b9', '8639eb5e-4286-4a03-80a8-3a96ae6d0473');
INSERT INTO public.discusses (id, floor, title, content, status, "createdAt", "createdBy", "updatedAt", "updatedBy", "accountId", "exerciseId") VALUES ('4775ded2-9d76-4254-b97e-becbae5c1996', NULL, NULL, 'What the ....', 'active', '2022-05-15 14:26:45.648362', NULL, '2022-05-15 14:26:45.648362+00', NULL, '545fbcb9-4437-4406-9248-e7f1efda55b9', '8639eb5e-4286-4a03-80a8-3a96ae6d0473');

INSERT INTO public.discuss_reacts (id, "accountId", "discussId", "reactType", status, "createdAt", "createdBy", "updatedAt", "updatedBy") VALUES ('af6b79d9-31ce-41dd-8835-82267447821d', '44bfcc07-a81a-45da-aa65-9197a3300f62', '51882cbf-f13c-41c4-9769-0e65f52d4a94', 'like', 'active', '2022-05-15 14:33:49.27542+00', NULL, '2022-05-15 14:33:49.27542+00', NULL);
INSERT INTO public.discuss_reacts (id, "accountId", "discussId", "reactType", status, "createdAt", "createdBy", "updatedAt", "updatedBy") VALUES ('adf450d9-d910-4612-9a69-130a47bda924', 'de10facf-22f2-4273-a038-9472b807a512', '51882cbf-f13c-41c4-9769-0e65f52d4a94', 'like', 'active', '2022-05-15 14:33:53.443655+00', NULL, '2022-05-15 14:33:53.443655+00', NULL);
INSERT INTO public.discuss_reacts (id, "accountId", "discussId", "reactType", status, "createdAt", "createdBy", "updatedAt", "updatedBy") VALUES ('91665ac0-2365-43b4-9796-f0112dc58a63', '545fbcb9-4437-4406-9248-e7f1efda55b9', '4775ded2-9d76-4254-b97e-becbae5c1996', 'like', 'active', '2022-05-16 04:32:00.026138+00', '545fbcb9-4437-4406-9248-e7f1efda55b9', '2022-05-16 04:32:00.026138+00', NULL);
INSERT INTO public.discuss_reacts (id, "accountId", "discussId", "reactType", status, "createdAt", "createdBy", "updatedAt", "updatedBy") VALUES ('1f8b6648-7989-4261-a4ba-dc9af0ce20d8', 'de10facf-22f2-4273-a038-9472b807a512', '4775ded2-9d76-4254-b97e-becbae5c1996', 'like', 'active', '2022-05-16 02:22:08.594977+00', 'de10facf-22f2-4273-a038-9472b807a512', '2022-05-16 02:22:08.594977+00', NULL);
INSERT INTO public.discuss_reacts (id, "accountId", "discussId", "reactType", status, "createdAt", "createdBy", "updatedAt", "updatedBy") VALUES ('9cfb19e4-bb4b-4502-9e86-e08462adf23f', '545fbcb9-4437-4406-9248-e7f1efda55b9', '51882cbf-f13c-41c4-9769-0e65f52d4a94', 'like', 'deleted', '2022-05-15 14:33:35.483951+00', NULL, '2022-05-15 14:33:35.483951+00', NULL);
INSERT INTO public.discuss_reacts (id, "accountId", "discussId", "reactType", status, "createdAt", "createdBy", "updatedAt", "updatedBy") VALUES ('ea46c793-a5b1-4400-9a24-bca440542471', '545fbcb9-4437-4406-9248-e7f1efda55b9', 'cd1ad0a5-a54c-45c7-98fd-2cfa2356140b', 'like', 'deleted', '2022-05-16 04:32:10.330193+00', '545fbcb9-4437-4406-9248-e7f1efda55b9', '2022-05-16 04:32:10.330193+00', NULL);

INSERT INTO public.courses (id, name, des, image, status, "createdAt", "createdBy", "updatedAt", "updatedBy") VALUES ('ea15c7e1-6f32-4cf6-9116-6fd132d9a3ee', 'Lập trình hướng đối tượng trong C++', 'Lập trình hướng đối tượng (Object-Oriented-Programming) là phương pháp lập trình dựa trên đối tượng để tìm ra bản chất của vấn đề. Khóa học C++ OOP giúp các lập trình viên học được kỹ thuật lập trình mà tất cả logic, yêu cầu thực tế đều được xây dựng xoay quanh các đối tượng. Hiểu được cách thức hoạt động của C++ OOP sẽ làm đơn giản hóa việc bảo trì và dễ dàng mở rộng trong việc thiết kế phần mềm.', 'https://codelearn.io/CodeCamp/CodeCamp/Upload/Course/fa2bdb40f4e449dca4514de8c8bca52d.jpg', 'active', '2022-05-16 09:34:12.104777+00', 'b40c81cf-d0ed-482f-b616-a9e4b252fc33', '2022-05-16 09:34:12.104777+00', NULL);
INSERT INTO public.courses (id, name, des, image, status, "createdAt", "createdBy", "updatedAt", "updatedBy") VALUES ('a443f244-f6cd-4032-8621-22e6e3a0d238', 'C cho người mới bắt đầu', 'Khóa học lập trình C cho người mới bắt đầu. Khóa học này sẽ cung cấp những kiến thức cơ bản và là nền tảng để bạn đi xa hơn trên con đường lập trình.', 'https://codelearn.io/CodeCamp/CodeCamp/Upload/Course/eab2e064afab4d8aa5f0b0d408cef9e0.jpg', 'active', '2022-05-16 09:36:05.346187+00', 'b886c67e-f5cf-4246-942f-97d795af3082', '2022-05-16 09:36:05.346187+00', NULL);
INSERT INTO public.courses (id, name, des, image, status, "createdAt", "createdBy", "updatedAt", "updatedBy") VALUES ('d3e06d26-bff3-4e89-8bb0-96b96a3d66ff', 'JavaScript cơ bản', 'Giúp học viên nắm vững các nguyên tắc và cú pháp cơ bản trong Javascript - ngôn ngữ lập trình phổ biến nhất trên thế giới.', 'https://codelearn.io/CodeCamp/CodeCamp/Upload/Course/8c4eed15a33744e996461692464ebc7f.jpg', 'active', '2022-05-16 09:36:42.78799+00', 'b886c67e-f5cf-4246-942f-97d795af3082', '2022-05-16 09:36:42.78799+00', NULL);
INSERT INTO public.courses (id, name, des, image, status, "createdAt", "createdBy", "updatedAt", "updatedBy") VALUES ('95b56647-d341-44ed-a6bd-2438a3c985d7', 'Python cơ bản', 'Khóa học lập trình Python cơ bản với các bài tập và lý thuyết dễ hiểu, học xong bạn có thể tự tin để tới với các chủ đề nâng cao hơn của Python.', 'https://codelearn.io/CodeCamp/CodeCamp/Upload/Course/cf55489ccd434e8c81c61e6fffc9433f.jpg', 'active', '2022-05-16 09:37:15.882136+00', 'aa89ede9-26f1-4660-9aba-75b21f53e6c4', '2022-05-16 09:37:15.882136+00', NULL);
INSERT INTO public.courses (id, name, des, image, status, "createdAt", "createdBy", "updatedAt", "updatedBy") VALUES ('cd46dd36-708b-40f4-bb99-e01fdc23af51', 'C# cơ bản', 'Khóa học lập trình C# kèm thực hành, khóa học sẽ giúp bạn làm quen với lập trình cũng như tạo nền tảng tư duy và kỹ năng cơ bản khi giải các bài tập.', 'https://codelearn.io/CodeCamp/CodeCamp/Upload/Course/3aa5f5e3e4cb4cb381288840a93c99eb.jpg', 'active', '2022-05-16 09:37:46.143748+00', 'aa89ede9-26f1-4660-9aba-75b21f53e6c4', '2022-05-16 09:37:46.143748+00', NULL);
INSERT INTO public.courses (id, name, des, image, status, "createdAt", "createdBy", "updatedAt", "updatedBy") VALUES ('4f3d8ec1-5838-4b96-8c05-7a41bea6010f', 'Java cơ bản', 'Khóa học lập trình Java cơ bản cho người mới bắt đầu, khóa học này sẽ là nền tảng cho khóa Java nâng cao để tiến tới Java Web hay lập trình Android, ...', 'https://codelearn.io/CodeCamp/CodeCamp/Upload/Course/1e746fe3cbe448bda850d8b953a78954.jpg', 'active', '2022-05-16 09:38:34.202492+00', 'b955cf7a-4dcb-464b-8f56-6021cf021cde', '2022-05-16 09:38:34.202492+00', NULL);
INSERT INTO public.courses (id, name, des, image, status, "createdAt", "createdBy", "updatedAt", "updatedBy") VALUES ('413aa95f-09da-4a90-a075-9cd8de8b7016', 'Làm quen với SQL', 'Khóa học này sẽ giúp các lập trình viên nắm được nguyên tắc, cú pháp và cách thức hoạt động của SQL (Structured Query Language).', 'https://codelearn.io/CodeCamp/CodeCamp/Upload/Course/adbef92753d242bcb79ca8f74cd615a5.jpg', 'active', '2022-05-16 09:39:19.921067+00', 'b955cf7a-4dcb-464b-8f56-6021cf021cde', '2022-05-16 09:39:19.921067+00', NULL);

INSERT INTO public.concepts (id, name, des, image, priority, "courseId", status, "createdAt", "createdBy", "updatedAt", "updatedBy") VALUES ('a8b1ffb6-2452-40fe-806a-644d3f91dbda', 'First C++ Program', NULL, NULL, 1, 'ea15c7e1-6f32-4cf6-9116-6fd132d9a3ee', 'active', '2022-05-18 16:06:13.082795+00', NULL, '2022-05-18 16:06:13.082795+00', NULL);
INSERT INTO public.concepts (id, name, des, image, priority, "courseId", status, "createdAt", "createdBy", "updatedAt", "updatedBy") VALUES ('6ea2cac1-6d15-4125-832f-a3ab842f0c67', 'Variables and Data Types', NULL, NULL, 2, 'ea15c7e1-6f32-4cf6-9116-6fd132d9a3ee', 'active', '2022-05-18 16:06:21.856532+00', NULL, '2022-05-18 16:06:21.856532+00', NULL);
INSERT INTO public.concepts (id, name, des, image, priority, "courseId", status, "createdAt", "createdBy", "updatedAt", "updatedBy") VALUES ('46a2de40-4834-4967-9be5-7ef7539848b1', 'Basic Operators & Input', NULL, NULL, 3, 'ea15c7e1-6f32-4cf6-9116-6fd132d9a3ee', 'active', '2022-05-18 16:06:29.750344+00', NULL, '2022-05-18 16:06:29.750344+00', NULL);
INSERT INTO public.concepts (id, name, des, image, priority, "courseId", status, "createdAt", "createdBy", "updatedAt", "updatedBy") VALUES ('5a05dd15-6fae-4271-948f-4ab0f3531707', 'Selection statements', NULL, NULL, 4, 'ea15c7e1-6f32-4cf6-9116-6fd132d9a3ee', 'active', '2022-05-18 16:06:37.248655+00', NULL, '2022-05-18 16:06:37.248655+00', NULL);
INSERT INTO public.concepts (id, name, des, image, priority, "courseId", status, "createdAt", "createdBy", "updatedAt", "updatedBy") VALUES ('45a97637-95ab-4305-a810-de805b9fdf4d', 'Loops: for', NULL, NULL, 5, 'ea15c7e1-6f32-4cf6-9116-6fd132d9a3ee', 'active', '2022-05-18 16:06:45.96489+00', NULL, '2022-05-18 16:06:45.96489+00', NULL);
INSERT INTO public.concepts (id, name, des, image, priority, "courseId", status, "createdAt", "createdBy", "updatedAt", "updatedBy") VALUES ('f351d96a-5097-46d7-80b7-9e95b520d988', 'Loops: while and do-while', NULL, NULL, 6, 'ea15c7e1-6f32-4cf6-9116-6fd132d9a3ee', 'active', '2022-05-18 16:08:40.975611+00', NULL, '2022-05-18 16:08:40.975611+00', NULL);

INSERT INTO public.exercises (id, name, des, level, image, metadata, topic, "contestId", "conceptId", status, "createdAt", "createdBy", "updatedAt", "updatedBy") VALUES ('7e5ac639-3b46-4633-90a6-04c36d11e2be', 'Viết chương trình Hello World', '### Task
Fill in the blank (`...`) to complete the program that displays the following line on the screen:
```
Hello World!
```
Read the theory and watch the video below to know how to solve this task.
### Theory
First, try to run this code:
```
#include<iostream>
using namespace std;
int main() {
	cout << "Xin chao!";
	return 0;
}
```
When the above code is compiled and executed, it produces the following result:
```
Xin chao!
```
There are some statements in the code that you are not familiar with such as `#include<iostream>`, `using namespace std;`, `int main() {` or `return 0;` but you do not have to pay attention to them in this lesson. You can assume that they are the required parts of a C++ program.
Now, replace `"Xin chao!"` on the line "`cout << "Xin chao!";`" with your name and run the code. For example, if your name is Minh, replace "Xin chao!" with "Minh" as below:
```
#include<iostream>
using namespace std;
int main() {
	cout << "Minh";
	return 0;
}
```
When the above code is compiled and executed, it produces the following result:
```
Minh
```
In a C++ program, `cout <<` is used to print values on the screen.
Now you can return to the Task and solve it or refer to the instruction below.
### Instruction
To solve the task, you just need to replace `...` with `cout << "Hello World!";` as the instruction in the video below (recommended to view in full screen mode):
Code sample:
```
#include<iostream>
using namespace std;
int main() {
	cout << "Hello World!";
	return 0;
}
```', 1, NULL, '[{"time": 1000, "input": null, "point": 10, "output": "Hello World"}]', '["C++"]', NULL, 'a8b1ffb6-2452-40fe-806a-644d3f91dbda', 'active', '2022-05-18 16:19:50.618642+00', 'b886c67e-f5cf-4246-942f-97d795af3082', '2022-05-18 16:19:50.618642+00', NULL);
INSERT INTO public.exercises (id, name, des, level, image, metadata, topic, "contestId", "conceptId", status, "createdAt", "createdBy", "updatedAt", "updatedBy") VALUES ('51e548d0-ac7c-473d-ad6f-1d4eb14f8eb5', 'Câu lệnh cout', '### Task
Write a program to display the text below on the screen:
```
Welcome to Codelearn.io!
```
### Instruction
Use `cout <<` to output a text on the screen. For example, to print "`Welcome`", you can write a program using the following statements:
```
#include<iostream>
using namespace std;
int main() {
	cout << "Welcome";
	return 0;
}
```', 1, NULL, '[{"time": 1000, "input": null, "point": 10, "output": "Welcome"}]', '["C++"]', NULL, 'a8b1ffb6-2452-40fe-806a-644d3f91dbda', 'active', '2022-05-18 16:21:06.386275+00', 'b886c67e-f5cf-4246-942f-97d795af3082', '2022-05-18 16:21:06.386275+00', NULL);
INSERT INTO public.exercises (id, name, des, level, image, metadata, topic, "contestId", "conceptId", status, "createdAt", "createdBy", "updatedAt", "updatedBy") VALUES ('2727dbf2-ac42-48c1-aabd-1c13bc5c2d42', 'Tính tổng hai số', '### Task
Write a program to calculate the sum of `12` and `15` and display the result on the screen.
### Theory
First, run the code sample below to calculate the sum of two given numbers:
```
#include<iostream>
using namespace std;
int main() {
	cout << 8 + 4;
	return 0;
}
```
When the above code is compiled and executed, you can see that number `12` displays on the screen.
This code is very simple: we use `cout <<` to display the sum of `8` and `4`.
Similarly, you can create a simple calculation program by replacing `8 + 4` with other expressions like `9 - 7`:
```
#include<iostream>
using namespace std;
int main() {
	cout << 9 - 7;
	return 0;
}
```
When the above code is compiled and executed, it produces the following result:
```
2
```
Now return to the Task and write a program to display the result of the sum of `12` and `15`.
If you haven''t done this problem yet, please refer to the instruction below.
### Instruction
Code sample:
```
#include<iostream>
using namespace std;
int main() {
	cout << 12 + 15;
	return 0;
}
```', 1, NULL, '[{"time": 1000, "input": "5 5", "point": 5, "output": "10"}, {"time": 1500, "input": "8 7", "point": 5, "output": "15"}]', '["C++"]', NULL, 'a8b1ffb6-2452-40fe-806a-644d3f91dbda', 'active', '2022-05-18 16:22:13.469511+00', 'b886c67e-f5cf-4246-942f-97d795af3082', '2022-05-18 16:22:13.469511+00', NULL);


INSERT INTO public.blogs (id, title, content, "isApproved", status, "createdAt", "createdBy", "updatedAt", "updatedBy", "accountId") VALUES ('30e0152e-8931-4466-baf5-6f60217a87f7', 'ReactJS with Typescript [Series]. Phần 1 Basic Typescript', 'Chào các bạn cộng đồng lập trình f8 mình cũng là một thành viên.Hôm nay mình muốn viết một series về ReactJS kết hợp với typescript . Mình mong mọi người sẽ đón nhận và trao đổi kiến thức với nhau.Bài viết này sẽ viết về những điều tuyệt vời và hay ho khi làm việc với typescript nhé.
## **I. Giới thiệu về Typescript và cách cài đặt**
1. Typescript là gì? Điểm mạnh và tại sao nên sử dụng.
- TypeScript là một dự án mã nguồn mở được phát triển bởi Microsoft, nó có thể được coi là một phiên bản nâng cao của Javascript bởi việc bổ sung tùy chọn kiểu tĩnh và lớp hướng đối tượng mà điều này không có ở Javascript. TypeScript có thể sử dụng để phát triển các ứng dụng chạy ở client-side (Angular2) và server-side (NodeJS).
![](https://files.fullstack.edu.vn/f8-prod/blog_posts/3523/62807a229e33b.png)
- Như hình ở trên các bạn có thể thấy Typescript bao trọn Javascript và ES6 ngoài ra còn có Interfaces,Strongly Typed và Generics nữa cấu tạo thành Typescript.Qua đó chúng ta thấy Typescript sử dụng tất các các tính năng của ES6(ECMAScript 2015) như là class, module, destructuring…ngoài ra còn sử dụng các Interfaces, Generics ngoài ra còn có một số tính năng khác mình sẽ nói rõ ở phần dưới.Nhưng bản chất Typescript cũng sẽ compiles ra Javascript cũng có thể nói là Typescript là Javascript và browser thì không thể đọc được Typescript nên mới cần biên dịch ra Javascript để thực thi các lệnh và đó là đôi giới thiệu qua về Typescript.
2.  Vậy tại sao nên dùng Typescript.
- **Dễ học và dễ code :** Vì được kế thừa cũng như dựa trên các cú pháp từ javascript và code theo kiểu hướng đối tượng như class,interface,generics… nên sẽ dễ tiếp cận.
- **Dễ scale dự án :** Với việc sử dụng các kỹ thuật mới nhất và lập trình hướng đối tượng nên TypeScript giúp chúng ta phát triển các dự án lớn một cách dễ dàng.Việc code dự án javascript với dự án càng lớn thì sẽ có rất nhiều kiểu dữ liệu đầu vào và đầu ra khác nhau và việc chúng ta phải nhớ hoặc phải mò lại code rất khổ sở cũng như không rõ sẽ làm cho việc code trở nên khó khăn nhưng đối với Typescript thì chúng ta sẽ biết rõ dữ liệu đầu vào (input) cũng như dữ liệu đầu ra (output) một cách rõ ràng giúp chúng ta thuận tiện khi code.Ngoài ra nó còn được phát triển bởi microsoft nên khi sử dụng cùng với VScode sẽ có rất nhiều các extendsions giúp hỗ trợ nhắc lệnh hoặc báo lỗi rất tốt.
- **Được nhiều người sử dụng cũng như các Framework sự dụng :** Typescript được mọi người sử dụng Javascript rất yêu thích và chuyển qua sử dụng ngoài ra còn có các Framework khuyên khích sử dụng như ReactJS,AngularJS nên sẽ có cộng đồng phát triển rất mạnh hỗ trợ việc chúng ta học và làm viêc.
', true, 'active', '2022-05-17 04:54:00.008418', 'b886c67e-f5cf-4246-942f-97d795af3082', '2022-05-17 04:54:00.008418+00', 'Võ Đoàn Hoàng Long', '545fbcb9-4437-4406-9248-e7f1efda55b9');
INSERT INTO public.blogs (id, title, content, "isApproved", status, "createdAt", "createdBy", "updatedAt", "updatedBy", "accountId") VALUES ('207c3373-7c13-4990-8479-f26aa7162678', 'Rèn luyện tư duy và áp dụng kiến thức đã học vào thực hành', 'Mình có đọc qua vài bình luận ở dưới một số video trong khóa JS cơ bản và thấy một số bạn muốn có thêm bài tập thực hành (cụ thể là phần mảng/array và vòng lặp/loop), ngoài ra mình thấy khóa đó anh Sơn cũng chưa nói nhiều về phương pháp tư duy cũng như thuật toán nên mình muốn chia sẻ tới các bạn một số keyword để research cũng như thực hành để cải thiện kỹ năng bản thân (ngoài ra cũng test luôn chức năng viết blog xD trên F8)
- Tìm hiểu bigO notation là gì ?
- Swap element in array
- Find max, min in array (with loop)
- Linear search (optimal lieaner search - hay linear search with wall)
- Cơ bản: insertion sort, selection sort, bubble sort…
- Nâng cao: quick sort, merge sort, heap sort…
- tìm hiểu thêm: sắp xếp mảng răng cưa, mảng 2 chiều…
- sắp xếp xong thì tìm kiếm nhị phân **(binary search)**
- Nâng cao tư duy bằng các thuật toán/ cách tiếp cận bài toán như **greedy** algorithm, **divide and conquer, backtracking**,… và các bài toán n-queen problem, knapsack problem…
Bài tập và lý thuyết có thể tìm trên [w3school](https://www.w3schools.com/), [geeksforgeeks](https://www.geeksforgeeks.org/) hoặc trên youtube (recommend: [Abdul Bari](https://www.youtube.com/channel/UCZCFT11CWBi3MHNlGf019nw) - ông chú ấn độ uy tín khỏi bàn))),
Về sách thì có mình đang đọc quyển [algorithm grokking](https://www.google.com/search?q=algorithm+grokking&source=lmns&bih=969&biw=1920&rlz=1C1BNSD_viRU979RU979&hl=vi&sa=X&ved=2ahUKEwjmlIHt2sD3AhWJp4sKHaIEBWoQ_AUoAHoECAEQAA) (chuyên về thuật toán, gồm psuedo code và hình ảnh, các tiếp cận dành cho người người mới bắt đầu nên cực dễ hiều, chỉ cần biết một số từ vựng tiếng anh là được) và [javascript the definitive guide](https://www.google.com/search?q=javascript+the+definitive+guide&rlz=1C1BNSD_viRU979RU979&oq=javascript+the+definitive+guide&aqs=chrome..69i57j0i512l2j0i22i30l2j69i60l3.4940j0j9&sourceid=chrome&ie=UTF-8) để hiều thêm về JS
Những điều mình chia sẻ bên trên là những gì mình được học ở cấu trúc bài giảng ở đại học, nên các bạn có thể tin tưởng nhé. Mình cũng triển khai thử binary search với bubble sort thấy nó bao quát được khá nhiều, bao gồm cả vòng lặp while, for, làm việc với mảng… (và debug mệt nghỉ)))
Chúc các bạn học tập vui vẻ, và cảm ơn anh Sơn vì khóa học rất hữu ích !!!', true, 'active', '2022-05-17 05:00:15.855513', 'aa89ede9-26f1-4660-9aba-75b21f53e6c4', '2022-05-17 05:00:15.855513+00', 'Võ Đoàn Hoàng Long', '545fbcb9-4437-4406-9248-e7f1efda55b9');
